[
  {
    "author": "Kathleen Duey",
    "title": "Flood : Mississippi 1927",
    "version": "v1",
    "updated": "1998",
    "score": "5",
    "owner": "",
  },
  {
    "author": "Rich Shapero",
    "title": "Wild Animus",
    "version": "v1",
    "updated": "2004",
    "score": "5",
    "owner": "",
  },
  {
    "author": "Michael Crichton",
    "title": "Airframe",
    "version": "v1",
    "updated": "1997",
    "score": "5",
    "owner": "",
  },
  {
    "author": "MICHAEL CRICHTON",
    "title": "Timeline",
    "version": "v1",
    "updated": "2000",
    "score": "5",
    "owner": "",
  },
  {
    "author": "C.S. Lewis",
    "title": "OUT OF THE SILENT PLANET",
    "version": "v1",
    "updated": "1996",
    "score": "5",
    "owner": "",
  },
  {
    "author": "ARTHUR PHILLIPS",
    "title": "Prague : A Novel",
    "version": "v1",
    "updated": "2003",
    "score": "5",
    "owner": "",
  },
  {
    "author": "Stephan Jaramillo",
    "title": "Chocolate Jesus",
    "version": "v1",
    "updated": "1998",
    "score": "5",
    "owner": "",
  },
]
