[
  {
    "author": "Maeve Binchy",
    "title": "This Year It Will Be Different: And Other Stories",
    "version": "v1",
    "updated": "1997",
    "score": "8",
    "owner": "",
  },
  {
    "author": "Laura J. Mixon",
    "title": "Proxies",
    "version": "v1",
    "updated": "1999",
    "score": "8",
    "owner": "",
  },
  {
    "author": "Tim Lahaye",
    "title": "Left Behind: A Novel of the Earth's Last Days (Left Behind #1)",
    "version": "v1",
    "updated": "2000",
    "score": "8",
    "owner": "",
  },
]
