[
  {
    "author": "Mordecai Richler",
    "title": "Wie Barney es sieht.",
    "version": "v1",
    "updated": "2002",
    "score": "6",
    "owner": "",
  },
  {
    "author": "Eleanor Cooney",
    "title": "Der Fluch der Kaiserin. Ein Richter- Di- Roman.",
    "version": "v1",
    "updated": "2001",
    "score": "6",
    "owner": "",
  },
  {
    "author": "Charlotte Link",
    "title": "Sturmzeit. Roman.",
    "version": "v1",
    "updated": "1991",
    "score": "6",
    "owner": "",
  },
  {
    "author": "Richard North Patterson",
    "title": "Tage der Unschuld.",
    "version": "v1",
    "updated": "2000",
    "score": "6",
    "owner": "",
  },
  {
    "author": "Mark Salzman",
    "title": "Lying Awake",
    "version": "v1",
    "updated": "2000",
    "score": "6",
    "owner": "",
  },
  {
    "author": "Harper Lee",
    "title": "To Kill a Mockingbird",
    "version": "v1",
    "updated": "1988",
    "score": "6",
    "owner": "",
  },
  {
    "author": "LAURA HILLENBRAND",
    "title": "Seabiscuit: An American Legen",
    "version": "v1",
    "updated": "2002",
    "score": "6",
    "owner": "",
  },
  {
    "author": "Barbara Kingsolver",
    "title": "Pigs in Heaven",
    "version": "v1",
    "updated": "1993",
    "score": "6",
    "owner": "",
  },
  {
    "author": "Jo Dereske",
    "title": "Miss Zukas and the Raven's Dances",
    "version": "v1",
    "updated": "1996",
    "score": "6",
    "owner": "",
  },
  {
    "author": "Jane Austen",
    "title": "Pride and Prejudice",
    "version": "v1",
    "updated": "1983",
    "score": "6",
    "owner": "",
  },
  {
    "author": "Dolores Krieger",
    "title": "The Therapeutic Touch: How to Use Your Hands to Help or to Heal",
    "version": "v1",
    "updated": "1979",
    "score": "6",
    "owner": "",
  },
  {
    "author": "Anne Rivers Siddons",
    "title": "Downtown",
    "version": "v1",
    "updated": "1995",
    "score": "6",
    "owner": "",
  },
  {
    "author": "Dean R. Koontz",
    "title": "Icebound",
    "version": "v1",
    "updated": "2000",
    "score": "6",
    "owner": "",
  },
  {
    "author": "Mary Higgins Clark",
    "title": "I'll Be Seeing You",
    "version": "v1",
    "updated": "1994",
    "score": "6",
    "owner": "",
  },
  {
    "author": "Dean Koontz",
    "title": "From the Corner of His Eye",
    "version": "v1",
    "updated": "2001",
    "score": "6",
    "owner": "",
  },
]
