[
  {
    "author": "Sheila Heti",
    "title": "The Middle Stories",
    "version": "v1",
    "updated": "2004",
    "score": "2",
    "owner": "",
  },
  {
    "author": "R. J. Kaiser",
    "title": "Jane Doe",
    "version": "v1",
    "updated": "1999",
    "score": "2",
    "owner": "",
  },
  {
    "author": "Jack Canfield",
    "title": "A Second Chicken Soup for the Woman's Soul (Chicken Soup for the Soul Series)",
    "version": "v1",
    "updated": "1998",
    "score": "2",
    "owner": "",
  },
]
