[
  {
    "author": "Julia Oliver",
    "title": "Goodbye to the Buttermilk Sky",
    "version": "v1",
    "updated": "1994",
    "score": "4",
    "owner": "",
  },
  {
    "author": "John Grisham",
    "title": "The Testament",
    "version": "v1",
    "updated": "1999",
    "score": "4",
    "owner": "",
  },
  {
    "author": "Toni Morrison",
    "title": "Beloved (Plume Contemporary Fiction)",
    "version": "v1",
    "updated": "1994",
    "score": "4",
    "owner": "",
  },
  {
    "author": "The Onion",
    "title": "Our Dumb Century: The Onion Presents 100 Years of Headlines from America's Finest News Source",
    "version": "v1",
    "updated": "1999",
    "score": "4",
    "owner": "",
  },
  {
    "author": "Celia Brooks Brown",
    "title": "New Vegetarian: Bold and Beautiful Recipes for Every Occasion",
    "version": "v1",
    "updated": "2001",
    "score": "4",
    "owner": "",
  },
  {
    "author": "J. R. Parrish",
    "title": "If I'd Known Then What I Know Now: Why Not Learn from the Mistakes of Others? : You Can't Afford to Make Them All Yourself",
    "version": "v1",
    "updated": "2003",
    "score": "4",
    "owner": "",
  },
  {
    "author": "Mary-Kate &amp; Ashley Olsen",
    "title": "Mary-Kate &amp; Ashley Switching Goals (Mary-Kate and Ashley Starring in)",
    "version": "v1",
    "updated": "2000",
    "score": "4",
    "owner": "",
  },
  {
    "author": "Robynn Clairday",
    "title": "Tell Me This Isn't Happening",
    "version": "v1",
    "updated": "1999",
    "score": "4",
    "owner": "",
  },
]
