[
  {
    "author": "Mark P. O. Morford",
    "title": "Classical Mythology",
    "version": "v1",
    "updated": "2002",
    "score": "--",
    "owner": "",
  },
  {
    "author": "Richard Bruce Wright",
    "title": "Clara Callan",
    "version": "v1",
    "updated": "2001",
    "score": "--",
    "owner": "",
  },
  {
    "author": "Carlo D'Este",
    "title": "Decision in Normandy",
    "version": "v1",
    "updated": "1991",
    "score": "--",
    "owner": "",
  },
  {
    "author": "Gina Bari Kolata",
    "title": "Flu: The Story of the Great Influenza Pandemic of 1918 and the Search for the Virus That Caused It",
    "version": "v1",
    "updated": "1999",
    "score": "--",
    "owner": "",
  },
  {
    "author": "E. J. W. Barber",
    "title": "The Mummies of Urumchi",
    "version": "v1",
    "updated": "1999",
    "score": "--",
    "owner": "",
  },
  {
    "author": "Amy Tan",
    "title": "The Kitchen God's Wife",
    "version": "v1",
    "updated": "1991",
    "score": "--",
    "owner": "",
  },
  {
    "author": "Robert Cowley",
    "title": "What If?: The World's Foremost Military Historians Imagine What Might Have Been",
    "version": "v1",
    "updated": "2000",
    "score": "--",
    "owner": "",
  },
  {
    "author": "Scott Turow",
    "title": "PLEADING GUILTY",
    "version": "v1",
    "updated": "1993",
    "score": "--",
    "owner": "",
  },
  {
    "author": "David Cordingly",
    "title": "Under the Black Flag: The Romance and the Reality of Life Among the Pirates",
    "version": "v1",
    "updated": "1996",
    "score": "--",
    "owner": "",
  },
  {
    "author": "Ann Beattie",
    "title": "Where You'll Find Me: And Other Stories",
    "version": "v1",
    "updated": "2002",
    "score": "--",
    "owner": "",
  },
  {
    "author": "David Adams Richards",
    "title": "Nights Below Station Street",
    "version": "v1",
    "updated": "1988",
    "score": "1",
    "owner": "",
  },
  {
    "author": "Adam Lebor",
    "title": "Hitler's Secret Bankers: The Myth of Swiss Neutrality During the Holocaust",
    "version": "v1",
    "updated": "2000",
    "score": "1",
    "owner": "",
  },
  {
    "author": "Sheila Heti",
    "title": "The Middle Stories",
    "version": "v1",
    "updated": "2004",
    "score": "2",
    "owner": "",
  },
  {
    "author": "R. J. Kaiser",
    "title": "Jane Doe",
    "version": "v1",
    "updated": "1999",
    "score": "2",
    "owner": "",
  },
  {
    "author": "Jack Canfield",
    "title": "A Second Chicken Soup for the Woman's Soul (Chicken Soup for the Soul Series)",
    "version": "v1",
    "updated": "1998",
    "score": "2",
    "owner": "",
  },
  {
    "author": "Loren D. Estleman",
    "title": "The Witchfinder (Amos Walker Mystery Series)",
    "version": "v1",
    "updated": "1998",
    "score": "3",
    "owner": "",
  },
  {
    "author": "Robert Hendrickson",
    "title": "More Cunning Than Man: A Social History of Rats and Man",
    "version": "v1",
    "updated": "1999",
    "score": "3",
    "owner": "",
  },
  {
    "author": "Julia Oliver",
    "title": "Goodbye to the Buttermilk Sky",
    "version": "v1",
    "updated": "1994",
    "score": "4",
    "owner": "",
  },
  {
    "author": "John Grisham",
    "title": "The Testament",
    "version": "v1",
    "updated": "1999",
    "score": "4",
    "owner": "",
  },
  {
    "author": "Toni Morrison",
    "title": "Beloved (Plume Contemporary Fiction)",
    "version": "v1",
    "updated": "1994",
    "score": "4",
    "owner": "",
  },
  {
    "author": "The Onion",
    "title": "Our Dumb Century: The Onion Presents 100 Years of Headlines from America's Finest News Source",
    "version": "v1",
    "updated": "1999",
    "score": "4",
    "owner": "",
  },
  {
    "author": "Celia Brooks Brown",
    "title": "New Vegetarian: Bold and Beautiful Recipes for Every Occasion",
    "version": "v1",
    "updated": "2001",
    "score": "4",
    "owner": "",
  },
  {
    "author": "J. R. Parrish",
    "title": "If I'd Known Then What I Know Now: Why Not Learn from the Mistakes of Others? : You Can't Afford to Make Them All Yourself",
    "version": "v1",
    "updated": "2003",
    "score": "4",
    "owner": "",
  },
  {
    "author": "Mary-Kate &amp; Ashley Olsen",
    "title": "Mary-Kate &amp; Ashley Switching Goals (Mary-Kate and Ashley Starring in)",
    "version": "v1",
    "updated": "2000",
    "score": "4",
    "owner": "",
  },
  {
    "author": "Robynn Clairday",
    "title": "Tell Me This Isn't Happening",
    "version": "v1",
    "updated": "1999",
    "score": "4",
    "owner": "",
  },
  {
    "author": "Kathleen Duey",
    "title": "Flood : Mississippi 1927",
    "version": "v1",
    "updated": "1998",
    "score": "5",
    "owner": "",
  },
  {
    "author": "Rich Shapero",
    "title": "Wild Animus",
    "version": "v1",
    "updated": "2004",
    "score": "5",
    "owner": "",
  },
  {
    "author": "Michael Crichton",
    "title": "Airframe",
    "version": "v1",
    "updated": "1997",
    "score": "5",
    "owner": "",
  },
  {
    "author": "MICHAEL CRICHTON",
    "title": "Timeline",
    "version": "v1",
    "updated": "2000",
    "score": "5",
    "owner": "",
  },
  {
    "author": "C.S. Lewis",
    "title": "OUT OF THE SILENT PLANET",
    "version": "v1",
    "updated": "1996",
    "score": "5",
    "owner": "",
  },
  {
    "author": "ARTHUR PHILLIPS",
    "title": "Prague : A Novel",
    "version": "v1",
    "updated": "2003",
    "score": "5",
    "owner": "",
  },
  {
    "author": "Stephan Jaramillo",
    "title": "Chocolate Jesus",
    "version": "v1",
    "updated": "1998",
    "score": "5",
    "owner": "",
  },
  {
    "author": "Mordecai Richler",
    "title": "Wie Barney es sieht.",
    "version": "v1",
    "updated": "2002",
    "score": "6",
    "owner": "",
  },
  {
    "author": "Eleanor Cooney",
    "title": "Der Fluch der Kaiserin. Ein Richter- Di- Roman.",
    "version": "v1",
    "updated": "2001",
    "score": "6",
    "owner": "",
  },
  {
    "author": "Charlotte Link",
    "title": "Sturmzeit. Roman.",
    "version": "v1",
    "updated": "1991",
    "score": "6",
    "owner": "",
  },
  {
    "author": "Richard North Patterson",
    "title": "Tage der Unschuld.",
    "version": "v1",
    "updated": "2000",
    "score": "6",
    "owner": "",
  },
  {
    "author": "Mark Salzman",
    "title": "Lying Awake",
    "version": "v1",
    "updated": "2000",
    "score": "6",
    "owner": "",
  },
  {
    "author": "Harper Lee",
    "title": "To Kill a Mockingbird",
    "version": "v1",
    "updated": "1988",
    "score": "6",
    "owner": "",
  },
  {
    "author": "LAURA HILLENBRAND",
    "title": "Seabiscuit: An American Legen",
    "version": "v1",
    "updated": "2002",
    "score": "6",
    "owner": "",
  },
  {
    "author": "Barbara Kingsolver",
    "title": "Pigs in Heaven",
    "version": "v1",
    "updated": "1993",
    "score": "6",
    "owner": "",
  },
  {
    "author": "Jo Dereske",
    "title": "Miss Zukas and the Raven's Dances",
    "version": "v1",
    "updated": "1996",
    "score": "6",
    "owner": "",
  },
  {
    "author": "Jane Austen",
    "title": "Pride and Prejudice",
    "version": "v1",
    "updated": "1983",
    "score": "6",
    "owner": "",
  },
  {
    "author": "Dolores Krieger",
    "title": "The Therapeutic Touch: How to Use Your Hands to Help or to Heal",
    "version": "v1",
    "updated": "1979",
    "score": "6",
    "owner": "",
  },
  {
    "author": "Anne Rivers Siddons",
    "title": "Downtown",
    "version": "v1",
    "updated": "1995",
    "score": "6",
    "owner": "",
  },
  {
    "author": "Dean R. Koontz",
    "title": "Icebound",
    "version": "v1",
    "updated": "2000",
    "score": "6",
    "owner": "",
  },
  {
    "author": "Mary Higgins Clark",
    "title": "I'll Be Seeing You",
    "version": "v1",
    "updated": "1994",
    "score": "6",
    "owner": "",
  },
  {
    "author": "Dean Koontz",
    "title": "From the Corner of His Eye",
    "version": "v1",
    "updated": "2001",
    "score": "6",
    "owner": "",
  },
  {
    "author": "Patricia Cornwell",
    "title": "Isle of Dogs",
    "version": "v1",
    "updated": "2002",
    "score": "7",
    "owner": "",
  },
  {
    "author": "J.D. Robb",
    "title": "Purity in Death",
    "version": "v1",
    "updated": "2002",
    "score": "7",
    "owner": "",
  },
  {
    "author": "Maeve Binchy",
    "title": "This Year It Will Be Different: And Other Stories",
    "version": "v1",
    "updated": "1997",
    "score": "8",
    "owner": "",
  },
  {
    "author": "Laura J. Mixon",
    "title": "Proxies",
    "version": "v1",
    "updated": "1999",
    "score": "8",
    "owner": "",
  },
  {
    "author": "Tim Lahaye",
    "title": "Left Behind: A Novel of the Earth's Last Days (Left Behind #1)",
    "version": "v1",
    "updated": "2000",
    "score": "8",
    "owner": "",
  },
  {
    "author": "JOHN GRISHAM",
    "title": "The Street Lawyer",
    "version": "v1",
    "updated": "1999",
    "score": "9",
    "owner": "",
  },
]
