[
  {
    "author": "Mark P. O. Morford",
    "title": "Classical Mythology",
    "version": "v1",
    "updated": "2002",
    "score": "--",
    "owner": "",
  },
  {
    "author": "Richard Bruce Wright",
    "title": "Clara Callan",
    "version": "v1",
    "updated": "2001",
    "score": "--",
    "owner": "",
  },
  {
    "author": "Carlo D'Este",
    "title": "Decision in Normandy",
    "version": "v1",
    "updated": "1991",
    "score": "--",
    "owner": "",
  },
  {
    "author": "Gina Bari Kolata",
    "title": "Flu: The Story of the Great Influenza Pandemic of 1918 and the Search for the Virus That Caused It",
    "version": "v1",
    "updated": "1999",
    "score": "--",
    "owner": "",
  },
  {
    "author": "E. J. W. Barber",
    "title": "The Mummies of Urumchi",
    "version": "v1",
    "updated": "1999",
    "score": "--",
    "owner": "",
  },
  {
    "author": "Amy Tan",
    "title": "The Kitchen God's Wife",
    "version": "v1",
    "updated": "1991",
    "score": "--",
    "owner": "",
  },
  {
    "author": "Robert Cowley",
    "title": "What If?: The World's Foremost Military Historians Imagine What Might Have Been",
    "version": "v1",
    "updated": "2000",
    "score": "--",
    "owner": "",
  },
  {
    "author": "Scott Turow",
    "title": "PLEADING GUILTY",
    "version": "v1",
    "updated": "1993",
    "score": "--",
    "owner": "",
  },
  {
    "author": "David Cordingly",
    "title": "Under the Black Flag: The Romance and the Reality of Life Among the Pirates",
    "version": "v1",
    "updated": "1996",
    "score": "--",
    "owner": "",
  },
  {
    "author": "Ann Beattie",
    "title": "Where You'll Find Me: And Other Stories",
    "version": "v1",
    "updated": "2002",
    "score": "--",
    "owner": "",
  },
]
